,리뷰,평점
113,너무늦게받아서 별두개뺑로,3
128,"신발오배송왔는걸 일주일이 지난뒤에야 알았네요 배송이 겁나 느려서 지금 교환반품신청하려니 뜨지도않네요
그래서 메모남겨요
저는 좀 넉넉하게신길려고 150구매했는ㄷㅔ 한짝은140 한짝은150 이왔어요 교환하려니 재고가없다하고 얼른 반품처리해주세요 박스는 오래전 버렸어요",3
166,너무커요ㅠㅠ 당장못신겨서 아쉬워요그리고신기기도 너무 어려워요신발은 이뻐오,3
209,신발은 이쁘지요 맘에들으니샀겠지요배송은 발이고무인택배함이라고 버젖이 배송문의글 남겼는데 집앞문앞에 던져두고감배송시작하고도 택배오배송으로 하루더늦게받음,1
237,별로예요,1
274,"신발이 편하고 좋은데 에어가 금방 터지네요
나이키는 에어터지면 AS도 안되고",2
283,싸이즈 잘못왔는데 귀찮아서 그냥 신어요,3
298,상품이다른게왓네요 전화도안되고어쩌자는건지연락바로주세요,1
305,"박스는 270 신발은 255 너무 황당하네요
국제 배송 첨으로 구매해 봤는데 다 이런지",1
306,"기존에 제가 신고있던 에어맥스 싸이즈가 작아서 주문했는데
신고있던제품에 비해 퀄리티가 떨어지는듯",2
335,제품이야 뭐 어딜가든 똑같구요 문제는 배송인데 많이 오래걸리지는 않았지만 좀 걸리네요,3
338,측면 본드 자국 하고 구매후 2시간 신었는데 깔창은 너덜너덜해지구 이건 100프로 짝퉁이것 같네요 당장 반품 처리 요청해야겠네요 2주걸려 받았는데 짜증 지대로네요,1
339,넘커요 교환비가비싸서 그냥다른사람줘야겠어요,2
341,싼맛에 신겠습니다정품과 디자인이나 재질이 다른데 판매자는 정품이라고 하니  차라리 퀄 좋은 레플이라고 하시지ㅋㅋㅋ암튼 나이키 온라인 구매 첨 해봤는데 깨닫는게 많네요,3
347,배송은 해외배송치고는 빨리 왔구요  상품은 다 좋은데 역시 저렴해서 그런건지 에어부분이 불투명에 가깝네요 ㅠㅠ그 부분 빼고는 발도 편하고 만족합니다만 불투명은 쫌 충격이네요 ,3
350,해외배송인데 빨리왔어요가격은 저렴한데 퀄리티가 별로짝퉁티가  나네요,3
351,딱 가격만큼의 퀄리티네요,3
359,110정품 아닐시 반품보장 아무리 눈49904고 찾아봐도 어디하나 정품이라는 곳을 찾을수 없네요 뒤축틀리고 본드칠 다삐져나오고 딱딱하고 신발상자는 뭐 말할것도 없네요 도착하자마자 살펴보고 신어보고 버릴까 생각중 분명히 통에서인데 착감은 그냥 실내와신은듯한 느낌 개인적인 차는 있겠지만 전 별로네요,2
402,혹시나가 역시나입니다 신발은 역시 매장에서 직접보고 사는걸로합시다싼게비지떡입니다 물품개봉하자마자헐짝퉁냄새가 너무납니다작업신발로 그냥대충신으신다면그래도 비추니다배송은 무지빠르네요,1
409,음  이가격에 정품이라고 믿는 분은 없으시라 믿고요 상품을 받아보니 웃음이 먼저나오더라구요 백화점에서 산거랑 비교해보니  넘차이가 나네요 마감처리도  짝퉁이라고 알면서 사도 이건 아닌듯 싶어요 참고 하셔서 구매하세요박스도 웃겨요,2
410,제봉 마감 상태가 그냥 그러네요,3
420,같은 사이즈 2개신발을 주문했지만크기가 다릅니다 착용시 틀어진 느낌 이건 진품아니네요사진올려드릴께요,1
432,역시나 정품이 아니네요 그래도 싸서 신을랍니다,2
444,올블랙인데 신발끈 시작되는 부분 좌우로 흰줄이 있습니다에어부분이 까맣게 된거 보니 정품이 아닌가 싶은 생각이 드네요 왜냐면 같은 모델을 신은 사람이 같은 사무실에 2명 있거든요 정품은 에어부분이 어둡긴해도 에어가 분명히 보입니다 하지만 제가 구매한 상품은 에어가 전혀 보이지않게 까맣게 되어있어요 싼 가격에 산 건 제가 선택한 거니ㅠㅠ 어쩔수없네요 구매하실 분들은 참고하세요,3
452,가품만 아니면 가격대비 좋은뎅찝찝함은 어쩔수 없네요,3
492,정품이라지만 짝퉁티 너무난다,1
493,짝퉁인듯 정품인듯 짝퉁같은 신발,1
520,솔직히 좋아하는 디자인라서 좋긴 한데 왼쪽 신발이 오른쪽 과 달라요끝마무리가 좋질 않네요그리고 폭도 좀 다른것 같아요,3
526,이 제품을 구매하신 대다수의 분들이 진퉁이냐 짭퉁이냐 대체 언제쯤 오냐를 두고 걱정을 많이 하신거 같아서 제가 상세하게 알려드려보고자 합니다 우선 저는 12월 5일 저녁즈음에 구매를 하였고 배송시작은 6일 이루어졌고 딱 일주일만인 오늘 오전4012일41에 받았습니다 저또한 큐앤에이를 보면서 불안하기도 했고 정가가 219000원인점을 봤을때 과연 진짜 정품인가를 두고 유튜브나 블로그 검색을 통해서 이것저것 비교하면서 꼼꼼하게 알아본 결과는잘모르겠다 입니다 우선 사진을 보시면 아시겠지만 마감처리가 굉장히 우수합니다 진짜 일반인은 이게 정품인지 가품인지 비교를 못할정도 입니다 무슨말이냐면 가품과 정품을 비교한 글이나 영상에 나왔던 정품의 특성들 모두가 이 제품에 적용되어 있었거든요 나이키 로고 박음질 두깨 택 등등 그냥 정품이라고 봐도 무방한데 아니 그래서 사실 정품이 맞는거 같다 생각되면서도 두번째 사진에 보시면 뒷면 엠자탈모 부분이라고 해야할까요 오른쪽 신발이 약간 삐뚫어져 있습니다 이 부분에서 다시 의심 스멜이 올라오더라구요 자 이제 결론입니다 일단 저는 이 제품을 정품이라 생각하고 신으려고 합니다 사실 에어맥스라는 시리즈 자체가 이뻐서 인기가 많지만 에어때문에 착화감이 좋아서 신는 경우도 많거든요 만약에 이게 짝퉁이라면 신은지 얼마 안돼서 에어가 터진다던지 아니면 착화감이 좋지 않거나 불편할겁니다 에어팟과 겉모습이 똑같이 생긴 중국 짝퉁은 많지만 무선 음질과 페어링 배터리 호환성은 절대 따라갈수 없듯이 신발 본래의 기능인 발을 잘 감싸주고 편안하게 해주느냐가 가장 중요한 문제라고 생각합니다 짝퉁은 모습은 흉내낼 수 있어도 나이키가 걸어온 길을 흉내내진 못할거에요 뭔가 수박 겉핥기식 리뷰인거 같아 마음이 찜찜합니다 신어보고 문제점을 나타나면 다시 찾아오겠습니다 그럴 일 없었으면 좋겠네요,3
527,주문날짜 11월 12일 왜안오냐는 질문에 대한통운 파업을 얘기했지만 받고보니 홍콩에서 택배보낸게 한참뒤인 11월 29일 내 살면서 이렇게 오랜만에 택배받는건 첨인데 진짜 판매자가 사람을 화나게 잘하는거 같나 그나마 그냥 질문에 몇번 글쓰고 말았지만 내가 성격이지랄같았으면 전화하고 진상을 떨었을거 같음  결과적으로 한달만에 받았는데 그나마 물건이 하자가 없어서 내가 별하나라도 남기는 바입니다,1
528,오늘 드디어 받았어요배송 느리고 느린건 해외배송이라 그렇다치는데 판매자 피드백 주는게 진짜 최악입니다 묻는말 다무시하고 택배 파업드립 무한반복 ㅋㅋ진짜 열받아 죽을뻔했는데 다행히 왔어요 운동화는 정품은 아닌거 같지만 그냥저냥 괜찮음 근데 진짜 판매자님이 정말 최악이였음,1
530,주문날짜 11월 12일왜안오냐는 질문에 대한통운 파업을 얘기했지만 받고보니홍콩에서 택배보낸게 한참뒤인 11월 29일내 살면서 이렇게 오랜만에 택배받는건 첨인데 진짜 판매자가 사람을 화나게 잘하는거 같나그나마 그냥 질문에 몇번 글쓰고 말았지만 내가 성격이지랄같았으면 전화하고 진상을 떨었을거 같음결과적으로 한달만에 받았는데 그나마 물건이 하자가 없어서 내가 별하나라도 남기는 바입니다,1
531,26일인지 25일인지 만에 왔네요 네참을성 많으신 분 구매하세요,1
550,주문후 18일만에 받았습니다  제품은 정사이즈 입니다 좀 불편함  동생 조야 겠내요 완전 비추 입니다,1
554,주문한지 한달가까이되도록 받아보지 못함,1
568,배송이 많이 느리니 참고하여 구입하시기 바랍니당   판매자님 보내주시느라 고생하셨습니다    많이파세요,3
591,가격은 저렴한데 짝퉁 느낌이 많이 드네요밑창부분과 갑피부분이 허접해요귀찮고 해서 그냥 신어요중국에서 오는게 대부분 이렇네요,3
600,어머니 드리려고 샀는데일단 짝퉁티가 많이 납니다뒷쪽에 완전 어이없이 되어있더군요어머니 보시더니 엄마 나이도 있는데 왠짝퉁을 시켰냐고나이든분이 보셔도 짝투임을 대번에 알아볼정도입니다11번가 짝퉁 안파는지 알았는데 정말 실마입니다,1
601,아들이 안신는다고 해서 내버려두고있어요,3
602,어느정도 예상은했지만 정품은 아닌가 같네요,3
615,어머니 드리려고 샀는데 일단 짝퉁티가 많이 납니다 뒷쪽에 완전 어이없이 되어있더군요 어머니 보시더니 엄마 나이도 있는데 왠짝퉁을 시켰냐고 나이든분이 보셔도 짝투임을 대번에 알아볼정도입니다 11번가 짝퉁 안파는지 알았는데 정말 실망입니다,1
645,배송은 9일 걸렸고 제품은 괜찮은거 같은데 정품인지 아닌지 조금 의심은 되네요 ㅎㅎ 많이파세요,3
648,상태보세요귀찮아서 신고 다닐거지만 이정도 품질일거면 67만원 짜리 사서 신고말지 가격좀 나가고 현대hmall쪽 물품이라 믿었는데 실망스러움가품이거나 불량이겠죠,1
804,10만원 밑으로는 짝퉁임발볼이 작음이제품은 정품 맞음,3
805,에어부분이 튼튼하게는안보이지만 신으면 편하네요,3
944,어제 오후에신청해서 오늘 오후에 받았어요 배송은 정말 빨라요 그러나 왼쪽신발의 끈 구멍 두개가 불량이고 마감이 잘 안된듯 해요ㅡㅡ 교환하기 귀찮아서 그냥 신고 초저녁에 신고 가벼운 조깅을 했는데 발은 편하고 좋아요 진품이든 가품이든 배송전에 물품의 상태를 잘 확인하면 좋을 듯,3
973,발볼이 넓으신 분은 신중히 매장에서  신어보고  살것을 권유함 치수는 한치수 적게 나온것 같아  신어보고 사세요,3
982,신발은 역시 나이키입니다 가볍고 착용감 좋고 굿입니다 배송도 빨라서 정말 마음에 듭니다,1
983,받았는데 가격에 비해 싼티가 나는 걸 까요 사은품이 들어 있는 건가요 차량방향제인가 재질도 그냥 그렇네요,3
991,신발바닥접착한부위가조잡함신발치수가한치수큼,3
1013,이 업체에서 절대 사지마세요사기예요 진짜 황당 그자체네요11번가를 통해 당일배송이라고 해서 5월 부모님 선물드리려고 2개를 주문했습니다주문하고나서 알고보니 해외배송이었습니다주문일이 5월12일인데 배송추적도 불가한상태로 물건을 기다리다 기다리다 도착한건 5월27일 3주걸려 2개중 1개만 오고 심지어 배송된 신발은 신지도 못할 다른사이즈가 왔습니다 나머지 하나는 아직도 배송중이라는처음에 주문하고나서 해외배송이라는 사실에 황당했지만 취소할까하다가 곧 오겠지하고 기다리기로 했습니다 여기까지는 해외배송이라 생각하니 저도 이해했습니다배송을 기다리는사이 더 기가막힌건 저보다 늦게 주문하신분이 리뷰에 저보다 더 빨리 신발받으셨더군요 여기까지는 저도 그럴수있다고 좋게생각했죠그런데 기다려서 받은 신발이제가 어머니 선물드리려고 230사이즈를 주문했는데 그렇게 인내심으로 오래기다려서 받은 신발 사이즈가 240 진짜 화가났죠 그래서 업체연락해서 배송문의와 반품처리 요청했더니 죄송하단 말도 없이 대신 기사님이 직접 수거하실거라고 하고 자기는 반품만 받는다고 배송은 모른다고 전화를 끊으셨어요 그런데 23일이 지나도록 기사님이 안오시는거예요 다시 업체전화했죠 이때부터 전화도 안받으시고 연결이 안됩니다반품도 안되고 취소도 안됩니다지금 이 글을 쓰고 있는 제 옆에 잘못 온 신발은 그대로 놓여있고 나머지 하나는 아직도 배송중 진짜 물건 못받은 상태입니다이런식으로 아직까지 영업하는곳이 있네요 그리고 못받은 신발은 오더한 다음날 사이즈 260에서 255로 교환신청했는데 제대로 접수는 됐는지도 확인할길이 없네요이 업체 절대 이용하지마세요저같은 분 있으심 댓글 남겨주세요전 제 돈을 돌려받거나 물건으로 제대로 받을때까지 항의하려고합니다 이 업체 고발할겁니다관계자분 이 글 보시는대로 연락주세요,1
1014,이 업체에서 절대 사지마세요 사기예요 진짜 황당 그자체네요  11번가를 통해 당일배송이라고 해서 2개를 주문했습니다 주문하고나서 알고보니 해외배송이었습니다 주문일이 5월12일인데 배송추적도 불가한상태로 물건을 기다리다 기다리다 도착한건 5월27일 3주걸려 2개중 1개만 오고 심지어 배송된 신발은 신지도 못할 다른사이즈가 왔고 나머지 하나는 아직도 배송중이라는  처음에 주문하고나서 해외배송이라는 사실에 황당했지만 취소할까하다가 곧 오겠지하고 기다리기로 했습니다 여기까지는 해외배송이라 생각하니 저도 이해했습니다 배송을 기다리는사이 더 기가막힌건 저보다 늦게 주문하신분이 리뷰에 저보다 더 빨리 신발받으셨더군요 여기까지는 저도 좋게생각했죠 그런데 기다려서 받은 신발이제가 어머니 선물해드리려고 230사이즈를 주문했는데 그렇게 인내심으로 오래기다려서 받은 신발 사이즈가 240 진짜 화가났죠 그래서 업체연락해서 배송문의와 반품처리 요청했더니 죄송하단 말도 없이 대신 기사님이 직접 수거하실거라고 하고 자기는 반품만 받는다고 배송은 모른다고 전화를 끊으셨어요 그런데 23일이 지나도록 기사님이 안오시는거예요 다시 업체전화했죠 이때부터 전화도 안받으시고 연결이 안됩니다 반품도 안되고 취소도 안됩니다  지금 이 글을 쓰고 있는 제 옆에 잘못 온 신발은 그대로 놓여있고 나머지하나는 아직도 배송중 물건 못받은 상태입니다 이런식으로 아직까지 영업하는곳이 있네요  업체 절대 이용하지마세요 저같은 분 있으심 꼭 댓글 남겨주세요  전 사과도 받고 저의 피같은 돈을 돌려받거나 물건으로 제대로 받을때까지 항의하려고합니다 차라리 기부를 하면했지 이런 업체에 절대 줄수없죠  이 업체 고발할겁니다 저같이 피해당하신분 있으면 고발하세요,1
1016,발 사이즈가 290mm로 큰편이라 290mm사이즈 보고 주문했는데 실제로 신어보니 270mm도 안되는 작은 사이즈네요 신자마자 짜증나서 그냥 버렸네요 아무리 짝퉁 판다고 해도 그냥 실제 사이즈에 맞게 만들어서 파시지 사이즈를 속여서 까지 팔면 어떻합니까 아무리 인터넷이라고 해도 이런 물건은 없어져야 되지 않을까 합니다,1
1028,배송너무느림  이럴줄알았으면 절대구매안함,1
1029,딱   그돈 만큼  입니다환불 정드는  아님니다편 합니다,3
1033,배송은  빠른데 제가 이 모델 운동화 6번째구매인데 판매자는 거의다릅니다  근데 여기  깔창이 제일 못합니다,3
1054,다좋은데 밑창빼보면 바닥에 구멍이하나 있어요 거기서 기름이나와요 왜그런거죠내거만그런건지 원래그런건지 모르겠네요 양말에서 기름냄새가 심해요,3
1126,신발이 작아서 반품하고 싶은데 살 때만 배송비 1만원이 아니라 반품할때도 1만원이라네요 도서지방도 아닌데 배송비 반품비가 왕복 2만원이면 많이 부당한 듯 합니다,1
1142,그냥그럭저럭 ㅠㅠ 270 배송이 너무 오래걸려영ㅠㅠ참고하세영,3
1175,사이즈를 기존에 운동화 사이즈로 구매했는데 걸을 때에는 못 느꼈는데 조깅시 발이 불편한 것을 보니 좀 작게 나온 것 같다,3
1176,끈에 본드가 있네요끈 다시 보내주세요신발은 좋습니다끈만바꾸면 될꺼같네요,1
1177,정말최악배송다시는안산다,1
1287,"발볼있으신분 한치수 큰거 주문하세요 배송빨랐습니다

아쉬운건 에어가 생각보다좀 딱딱한 편입니다그렇다고

못신겠다는건 아니구요 ㅋ

―――――――――――――――――――――――――

신어본 후기는

발에 살이 많으신분 한치수 크게 하시는게 맞구요",2
1292,디피됏던 제품이 왓네요 ㅎ귀찮아서 그냥 신기는 하는대 바닥면 물티슈로 한번 닦아서 보내시지 그정도는 기본 매너같은대 조금 아쉽네요,2
1310,흰색 제품에 검은색 이물질 물티슈로 안지워짐 매장이였으면 안삼,1
1344,택이 일본어예요,3
1345,판매란에 2주이상 소요된다고 적혀있으면 느리게 배송되는거 인지하고 구매하는거라 괜찮지만아무런 공지도 없고 결제취소요청하면 배송처리 됐으니 반품해서 취소하라고만 하네요평균적인 배송기간을 적어주셨다면 구매자들의 불평불만이 적었을 것 같습니다자세히보면 앞이랑 뒤에 약간 이물이 묻어있긴합니다케바케일것같긴함,3
1348,2주가 넘는 배송시간연락 안되는 판매자제품 왔는데 누리끼리한 컬러뒷축엔 누군가 신었던 흔적절대 이 판매자꺼 사지 마시길 바랍니다,1
1384,품질 디자인은 우리가 아는 것 배송은 넘 느려,3
1454,정품도 아니면서 쿠팡 보다 가격도 비싸고 배송도 너무 늦고 안전 사기 당한 기분ㅠㅠ코로나 때문에 매장에 못가고 지마켓 믿고구입 했는데 진짜 사기 당한 기분지마켓에서 다시는 신발 못 살겠네그리고 신발 깔창 뒷끔치 안쪽천불량,1
1461,상품받고 34번 착용했는데요흰색이 누렇게 변했고 뒷꿈치쪽 천은 보풀이 마구마구 일어났네요신발끈도 양쪽 길이가 다르구요암만봐도 정품은 아닌거같아요ㅠㅠ,1
1511,정품맞나요뭔가 원단도 그렇고 바느질도 허접하고포장되어온 박스도 완존 걸래꼴이네요배송도 엄청느리고왠만하면 매장가서 사는거 추천드립니다,1
1514,예쁘고 편해요,2
1517,배송느림 적극비추합니다,1
1557,깔창은 구겨넣어서 인지 주름져있고 안쪽에 이물질이 묻어있고  맘에 안들지만 귀찮아서 그냥 신을려구요ㅠ,1
1558,좋습니다요,1
1581,헐 짝퉁인지 불량인지 백화점이라고 믿고 샀더니 재단이 엉망 반품 각,1
1592,주문하고 3주만에 받았어요 신발은 이쁘고 사이즈도 딱이에요 근데 배송이 너무 느려서 기다리기 지루함,3
1793,신고 걷자마자 에어에서 뽀드득소리 겁나 크게 나요 정품 아닌가요 아니면 문제있는 상품 떨이 하신건가요 삑삑이 신발도 아니고 4주를 기다렸는데 엄청난게 와버렸네요 환불이든 교환이든 해주세요  어이가 없네요 진짜ㅡㅡ,1
1933,"워낙에 인기있는 제품이라
가격은 할인을 많이해서 저렴하네요
발볼은 좁고전체적으로 약간 작아요
컨버스270신는데
275샀다가 약간커서 270으오 교환했는데
약간 타이트하네요
신으면서 늘려야 겠어요
전체적으로마감상태는 약간 아쉽네요
가격이 저렴하니감수해야죠",3
2013,좋은 가격에 잘 구매했습니다하지만 이염이 된 부분이 있어요 사이즈가 한정적이라 그냥 반품 안하고 구매했어요 발볼이 조금 좁은 것도 좀 불편 하네요 쇼핑라이브 혜택이 많아 구입했지만 엄청 편하다고는 말 못하겠네요 참고 하시길,2
2073,"좋은 마음으로 받았는데
디피용인지 착용을 했던 제품인지 바닥이 
더럽더군요교환을 하려해도 해당 제품 품절로 불가능하고 환불도 추석연휴로 오래걸린다기에 그냥 신으려고합니다배송전에 제대로 된 검수 부탁드리며
좋지못한 마음으로 후기를 남깁니다",3
2092,"세번째 구매했네요
제꺼 작은아들꺼
지금 받은건 큰아들꺼
10월 6일부터 순차적 배달한다더니
일찍 왔길래 다행이나 싶었는데
누가 반품한거 보내셨는지 박스에 원래포장된 비닐은 없고 걍 봉지에담아 테이프 붙여서 왔더라구요
어쩐지 빨리배송된다 싶더니기분은 살짝 나빴지만
상품에 이상 없는거 같아 걍 신으라고 했네요
취소한것도 아닌데 걍 늦더라도 새제품 보내주셨음 더 좋았을껄이상 없으니 잘 신을게요
앞으로는 새제품으로 부탁드립니다",3
2188,"뒷쪽에 구멍이 나잇어요 ㅠ
명절때 싣을라고 햇는데 휴",1
2203,"예전에 네이버에서 화이트175 에사기당해서 다시살까말까 고민하다 사는데
제가중고를구매한건가여 아님 원래이렇게 마감이별론가요 22만원짜리 검정97은 이러지않던데
뒷꿈치나 전체적으로 누리끼리해요 절대화이트아님택도 떨어져서왔고",1
2258,중국 광저우에서 오던데 잘모르겠네요,3
2285,상풍 최악 입니다 새 상품이 본드 접합 부위가  다 떨어져요  반품 귀찮아서 강력본드 여러곳에  발랐어요,1
2339,색상이쁘고 배송도 빠릅니다발볼이 크신분은 사이즈 한치수 업하는거 추천합니다,1
2357,가격이저렴해서 짝퉁인줄알았어요근데 as만안될뿐  큐알코드찍으니정품이라나오네요마감처리가이상해서찍어보니정품이나오긴했는데ㅎㅎ솔직히운동화as맡겨본적도없고그냥신을려구요믿어야겠죠,3
2472,해외 구매대행이라도 너무 오래 걸립니다 미국에서 오는 건 3일 만에 오던데 그리고 제품 택이 없습니다  원래 그런건지중국에서 판매하는 것이어서 그런지 괜한 의심이듭니다 신발은 무게감이 좀 있지만 화면에서 보던 그대로네요,2
2484,홍콩에서오네요‥중국은좀,3
2505,보통,3
2526,신발에 김치국물이 묻어있지 않나 뒤꿈치가 시커멓지 않나 누가 신었던걸 보내 주었어요 앞으로 모든 제품 검수를 잘해서 보내 주셨으면 합니다,1
2573,"별점 1개 입니다
할인 기간에 구매했는데 이게 왠걸 신발끝에 된장같은게 묻어있었습니다 
사실 깨끗한제품 정품제품 제대로된 제품 구매하려고 다른 사이트에서 구매하지않고
롯데에서 구매한것인데 뒤통수를 맞은 기분이였습니다
아무리 세일해서 산거지만 속이 상할수밖에 없더라구요 ㅜㅜ 
제대로 검수도 안하고 보낸것 같아서 많이 아쉽습니다 
깨끗한 새신발 신고싶었는데 기분만 상하네요
제가 운이 없었던거 겠지요
그냥 세탁맡겨서 신던지 신발끈을 다른데서 새걸로 구매해서 사던지 해야겠어요
어쩌겠어요 할인받아 샀는데 만족해야죠
운이없었다고 생각하겠습니다
앞으로 검수 잘하고 제대로된 상품 보내주셨으면 좋겠습니다",1
2582,"나이키가 나이키 했다
 나코탭이 빡  정품 퀄리티가 빡  한번 교환 신청하고 또할려다가 그냥 신었습니다

짭이 더 퀄리티 더좋아요 찐은 안좋아요",3
2584,"나이키가 나이키 했다
 나코탭이 빡  정품 퀄리티가 빡  한번 교환 신청하고 또할려다가 그냥 신었습니다

짭이 더 퀄리티 더좋아요 찐은 안좋아요",3
2641,"상품평이 좋고 매우 유명한 모델이어서 구입했는데 발이 전혀 편하지 않아요
바닥이 단단하고 무겁고 발목쪽 끈이 피부에 닿는 구조라 쓸리면 아픕니다 특히 끈을 끝까지 묶어도 발목을 전혀  잡아주지 못해서 뒷꿈치 부분이 껄떡거려요 나이키는 다른 메이커에 비해 사이즈가 타이트한 편이라 한사이즈 크게 구입했음에도 상대적으로 발볼 발가락 부분은 좁구요
운동이나 오래 걷기 용도로는 부적합하겠네요
모양이나 색감은 실물이 훨씬 이쁩니다
매장에서 신어봤더라면 구입하지 않았을 것 같아요
나이키 운동화 여러번 구입해 보았지만 이렇게 불편한 신발은 다른 메이커와 합해도 처음입니다
아쉬움이 많아 길게 상품평을 썼습니다",2
2925,보통이에요,3
2943,주문한지 한달만에 받았는데 사진에 첨부처럼 사이즈가 완전 작은걸로 왔습니다정말이지 빠른 교환진행 바랍니다,1
2944,밑창 마감처리가 엉망이네요 접착제가 삐져 나오고해외에서 오는것은 텍도 없이 오나요,2
2960,정품같이 느껴지지 않아요신발끈 길이도 둘다다르고 옆라인 박음질도 그렇고화면이랑 완전 다른것같은굳이 이걸 몇십만원 주고 샀다는게 바보같이 느껴지네요,1
2964,"백화점  방문하니 4만원이나 저렴했어요
속상했지만 상품은 예뻣어요",3
2976,"아들이 디자인보고 고른거라
그런데
매장에서 많이 신어봤던걸로 보내신듯
신발바닥 지저분하고 뒷굽속도 조금 때가 낀거같아 기분은 별로
시간이 없어 그냥 신기로 했지만
20만 다되는 신발이기에 실망스러웠음",3
2995,생각보다 마감처리가 깔끔하지않네요,3
3114,"제가 보기엔 가격보다 싼티 납니다
아이가 좋다니 고른 신발이라 주문했는데 착화감은 편하지 않다고 하네요",1
3205,"신발 밑창도 더럽고 배송기간 코로나로 42일 걸렸습니다
사이즈변경도 연락드렸었는데 변경안되서 오고
더이상 기다리기 힘들어서 교환은 됐다고 했습니다 
기다린 기간도 기간이지만 연락 답은 한참 늦습니다
기간 넉넉하게 생각해두고 구매하셔야할듯 
동시에 마음도 넓게 가지셔야함",3
3257,개별로임 불편하고 비싸기만함,1
3277,싱품이 어떠기도 전에 박스를 비닐에 싸서 보내는 택배는 첨보네요 박스 다찢어지고 찌그러졌습니다 구매하실때 참고하세요,1
3278,저렴하게 구입했어요 이쁩니다,1
3279,사이즈가 딱 맞네요 좋은가격에 구입했네요  감사해요,1
3321,근데 배송이 별로에요 신발은 엄청이뻐요,3
3342,신발 박음질을 두번해서 구멍이 보이는데하자가 많아서 여러번 반품했는데 제품도 구하기 어렵고 귀찮아서 그냥신을께요,1
3350,"잘 받았는데 딱 봐도 누가 반품한 거 같네요
신발 밑창에 때 묻어있고
신발 끈 3군대에 끈끈한 딱풀 같은 게 붙어있어요",2
3360,불량 요소가 있지만 귀찮아서 그냥 신어요,3
3363,신발 밑창이 너무 미끄러워요,3
3386,"배송은 만족스러운데 마감이 안좋아요
끈에 본드 묻은거 알콜로 제거하고 신어요 ㅜㅜ
맥스 97 이쁘기는 한데 정말 불편한 운동화네요",3
3387,새제품인데 제품에 이물질이 묻어있습니다ㅠ 닦아도 닦이지도 않네요ㅠ,1
3407,중국에서 우체국택배로 왔는데 박스 뜯어보니 택도없안붙어있고 에어간격이랑 신발끈가죽부분 보니 가품느낌다른부분은 마감괜찮내요 그래도 찝찝하내요ㅎ,3
3423,스크레치가 있어요,3
3439,짝퉁,1
3440,보통이예요,3
3451,상품 자체에 이음새가 원만하지 못해 짝튱으로 의심 됩니다 완전 신뢰 가지 않는 상품입니다         장점은 딱히 이 가격이면 그냥 귀찮아도 매장 가서 살껄 그랬네요,1
3464,이 제품 작년 가을에 구입했습니다 그 당시에 트리플화이트 국내배송 바로 되는곳이 여기밖에 없어 급하게 신어야되서 그냥 구입했었습니다 앞코가 살짝 찌그러져있었는데 크게 신경쓰는스타일도 아니고 해서 그냥 신고 다녔는데 한 세번 신으니까 5번째 사진처럼 갈라지고 2번째 사진처럼 뒷부분이 접혀서 숨이 완전 죽는겁니다 그래도 그냥 신었습니다 근데 이번에 공식인증업체에서 맥스97 게임 로얄을 샀는데 완전히 다른겁니다 그래서 뭐지하고 트리플화이트 제품을 구글도 뒤져보고 유튜브도 찾아보고 해서 정품들 상세사진 보니까 제 신발의 뒷부분 숨이 완전 죽었던 곳도 살짝 두꺼워서 정품은 납작하게 찌그러지지도 않습니다 재질도 다릅니다 그리고 정품보니까 신발깔창 뒷부분에 음각으로 넘버 찍혀있는데 제껀 역시나 없었습니다 이 제품이 정품인지 가품인지는 모르겠습니다 하지만 제 트리플화이트 신발이 좋은 상품이 아니라는 생각은 듭니다 34번 사진은 이번에 산 모델은 트리플화이트는 아니지만 맥스97 제품입니다 퀄리티차이 많이 납니다 QA를 보니까 가품일 경우에 어떻게 보장해주냐는 말에 “저희는 홍콩병행수입제품입니다” 라고만 되있네요 그냥 급하게 사려고했던 제 자신을 탓하겠습니다,1
3482,해외배송인건 알고 구매했으나판매자가 카톡문의해도 답변이 없고 읽지도 않고 전화문의도 하였으나 전화도 받지 않음11번가 문의에 답변은 달아줌해외송장번호는 안내는 안알려주고통관중이라는데 답답해서 조회해보려고 했으나뭐 아무것도 알려준게 없어서 조회못해봄국내송장 나오면 문자보내준다고 했으나 문자안옴그리고 아무런 말없이 물건이 도착함,3
3486,진품인줄 알았는데     반품하고싶은데 절차가 까다로워 창고에넣어두었습니다,1
3492,"배송은빨랐으나 상품은 최악이네요

97을 10개넘게 가지고있는데 이런거는 첨이네요",2
3553,이거 짝퉁같습니다믿고샀는데 이런게 오나요,3
3556,배송이 느리고 조회가 않돼서 좀 답답한거 외에는운동화는 깔끔하네요,3
3584,제가 정품은 본적이 없어 구분을 못하겠네요화면하고 색상은 동일하지만 신발끈 주위로 파란색은 도대체 뭘까요 원래 그런걸까요판매한테 문의 남겨보기전 사진 올립니다,2
3586,가격이 싸서 궁금해서 시켜봤어요 후기가 별로 없어서 내가 사서저 같이 사기인지 아닌지 확인하고 싶었음 ㅋㅋ배송 10일 걸렸음제품 마감 짭티 나는데 멀리서 보면 잘모름가격생각하면 신을수 있는정도 입니다 혹시나 해서 불끄고 사진 찍어봤는데 스티치 그것도 되있는듯가성비 생각하면 괜찮은거 같고요진품생각하고 사면 후회 할 수도 있습니다막신을 신발로 산거라 10일 기다린 보람은 있음 ㅎ,3
3587,정품이 학실합니다이것저것 비교해 보아도 정품이 학실합니다쿠션감이 전혀없이 나막신처럼 딱딱한거까지 정품과 동일합니다,2
3590,영국에서 온다고 해서 가품 걱정은 없는 대신 느리고 사이즈가 너무 안 맞아서 교환하려고 보니 반품 수수료 5만원 교환 수수료 7만원이 좀 이해가 안 되고 교환하려고 보니 그렇게 공지는 돼 있더군요사이즈는 가이드도 없는데다 교환하려니 사이즈 잘못 선택 경우는 소비자 귀책이라는 어이없음 늘 신는 신발 사이즈를 적용해서 주문 한 것인데 이 신발 자체가 일반 매장에 없어서 신어볼 수도 없는 거잖아요 인터넷 리뷰들을 읽어봐도 정사이즈라는 사람도 있고 크다는 사람도 있고 작다는 사람도 있고 다른 의견들도 참고하기 어려운 경우 아닌지요그리고 사진은 올화이트인데 실물은 민트색 내지는 하늘빛이 감돌고 사이즈만 맞아도 감안할 수 있는 부분입니다만 사이즈 교환이 이렇게 어려울 줄이야 서로 절충해서 덜 부담스럽게 해주면 교환할 것이고 아니면 반품후 재주문으로 해야겠네요빠른 처리 부탁드리겠습니다 세시 네시에 연락 주신대놓고 저렇게 통화 연결을 시도했는데 제대로 되지가 않더라구요,3
3594,이거 짝퉁인가요 쿠션도없고 마감처리도  안좋습니다더 어이없는건 3시간정도 일좀보고 집에와보니 보풀이장난아니게생겨 있내요  사지마세요ㅠㅠ,1
3597,짭인거 알고샀지만 너무 허접스럽네요다시는 안살거에요 ㅋ,1
3598,노란본드가 좀 많이 있음퀄이 좀 떨어집니다,3
3601,완전 짝퉁 허접합니다절대 사지 마시오,1
3602,와 택배 도착하자마자 열어봤는데 짝퉁이라는게 확 느껴지네요 역시 값싸고 좋은건 없어요 이런건 매장가서 직접 눈으로 보고 사야함 반품하려고 했으나 배보다 배꼽이 더 커질것 같아 그냥 구매확정 합니다,1
3603,일단 사진이랑 비슷하게 왔습니다아마도 정품 아닌거 같지만후기에 깔창없다고 하는데 칼창 있구요40제가 받은건41근데 깔창을 벗겨보니 짭 티가 나네요얇고 바닥 색이 다름 ㅋㅋㅋ뒷 부분 얼룩도 살짝있고 뭐,3
3608,가격보다 비싼 운동화입니다 바느질 상태도 마감 상태도 허접합니다운동화 상태가 만들다만것같아요운동화 안쪽은 마감이 전혀 안되어있어요원단이 잘린 그상태로 입니다싼거산  내잘못이다 생각하고 신고 있어요ㅜㅜ 그래도 많이 너무 많이 비싼 느낌이랄까 ㅜㅜ 참고하세요 사이즈는 정사이즈보다 조금 여유있어요,1
3616,짭인지정품인지는 전문가가아니여서 모르겠지만주문한지 10분도 안되서 송장나왔다며 취소안된다해서 그냥 진행했습니다일본아디도 쫌 컷기때문에 신어보고 끈이빠이 쫄라메고걍나왔는데삼실서 발건세상에나 260돈 버렸네요,1
3618,오른쪽만두개혹시나해서 깔창빼봄 확실히 오른쪽 두개   나 오른다리두개인사람,1
3619,본인들이 올린 사진 사이트 아니라 하고요 정사이즈보다 10정도는 더 크게 오고 신발끈도 한쪽은 두껍고 한쪽은 얇고 톡으로 물어？f더니 11번가에 누가 복사 해서 올렸다네요11번가에 문의 하라고,1
3620,발볼은남성 넓은남성 플러스 5 10써있는거믿지마세요 제가 발볼이넓고 다른나이키신발255신는데 이건260보다큰거같아요 그냥단순히 말해서 평소 본인이 신는거보다 한치수작은거주문하면 딱맞습니다 배송은 17일걸렸구요,2
3622,정품대리판매로  알고 구매한 내가 바보인듯정품을 이가격에 파는거 자체가 벌써 말도안됨마감처리 엉망이고 디자인도 조금씩 다름두번다시 구매할 생각없습니다,1
3625,배송은 직구 구매이후가장빨리왔네요 상품은전체적으로 깔끔한편이나 부분적인 마무리가 미흡한곳이있네요신발안쪽에 한번신엇을뿐인데 보플이 심하게일어나네요 ㅠㅠ,2
3627,저는 정품여부는 모르겟고 신발은신을만 합니다,3
3633,한번도 리뷰를 써본적이 없는 사람인데 이건 써야겠네요 Q  A 를 보시면 판매자님의 답글은 거의 복사 붙여넣기 라는걸 알수있습니다 정품이 아니면 100 환불해주겠다는 답글인데요 정품이 아니면 환불하실분들은 구입하지 않는걸 추천드립니다 그냥 택이 없습니다 이것만으로 말다한거지요 그리고 마감부분도 만족스럽지 않습니다 저도 정품이 아니면 취소하고 비싸더라도 정품을 사려고했는데 배송이 오래걸리니 귀찮아져서 싼맛에 신어야겠다는 생각이 들더군요 받아보고 기분 나빠서 리뷰 꼭 써서 알려야겠다는 생각으로 쓰고있는데 이것마저도 귀찮아지고 있네요  제가 귀차니즘이 심해서 이러한 심리를 이용해서 장사하는사람들이 많아지나 봅니다   아무튼 꼭 정품들 구매하시고 즐거운 구매들 하시길 바랍니다,1
3635,짝퉁 맞네요ㅜㅜ에휴신고하고싶네요,1
3638,운동아  불편함  끈  묶는방법이  힘듬  이  운동아의  장점없음  끈묶는데  개고생함,1
3646,배송이 조오오도오오온나 느려요ㅡㅡ 2월 7일날 2개 시켯는데 1개는 최근에오고 1개는 3월달에온다는거 실화여러분 정품 원하시는 분들은 사지마세요 제가 정품으로 다른색이 잇어서  비교해？f는데 일단 정품은 신엇을때 키높이도 잇고 신엇을때 신발을 신은것같은 느낌이 잇은데 여기서 산 신발은 싼가격만큼 신발 높이가 정품보다 낮고 안신은것처럼 가벼운 느낌이고 뒷부분 에어가 꼭 터질것같은 느낌이 없지않아 드네요 아 무엇보다 여기 배송 개쓰레기,1
3648,싼건 싼이유가 있다지만정품에 비해 싼거지 가품에 비하면비싸게 팔아먹는것임가품티 엄청 심하고 구매한 본인이멍청한짓 한것임후회 엄청함,1
3653,배송이 너무 늦어서 왕 짜증이네요,3
3656,우선 해외배송이다보니 교환반품이 어려워 뒤에 얼룩이 묻어있어도 그냥 신으려고합니다 얼룩이 생각보다 심하네요 판매자님 참고바래요 사이즈가 생각보다 큽니다 30구입했는데요 뭔 40같아요 25살껄 후회막심입니다  신발이 작아보이고 그러지않습니다 되려 커보여서 발이 곰발된느낌이네요  워낙싼가격에 산거라 진품가품을 떠나서 작퉁티만 많이 안났으면 합니다,3
3659,제품 2개 구매했는데 하나만 오고 배달완료 뜨는건 뭐죠,1
3660,싼가격에구매하다보니여러가지불편한점이있고특히중국에서배송할때주소는정확하게기재했으면합니다동호수기재하지않아서애먹었어여,3
3662,트리플 블루임 ㅋㅋㅋㅋㅋㅋㅋㅋㅋ아최악이다 진짜,1
3663,20181218 구매20190114 수령기다린게 아까워서 신고다닙니다마감처리 짝퉁티남 물어보니 정품이라고는 하지만마감이 개그지꼴다시는안삼 피해자안나오길,1
3664,음진품인지 잘 모르겠네요 배송도 느리구요,1
3665,진품인지 의심이 들정도로 별로네요 두번다시는 안사요,1
3667,마감처리  최악배송  24일 걸림사이즈 정사이즈보다 5 10m   크게주문하세요생각보다 별로  반품비 아까워서,1
3669,모든상품 100진품이라고 적혀있는데인터넷에 맥스97 정품 가품 구별법 찾아보니가품인것 같네요진짜로 정품 확실한건가요,1
3670,주문하고 약 20일 정도만에 받은것 같은데요 텍도 없고 에어쪽 마감처리가 지저분합니다 혹시 불량인가요 아니면 중국쪽에서 발송되었던데 이미테이션일까요 직구상품들 보증서는 없어도 텍은 있는데 이 상품은 텍이 없어요,2
3671,나이키가 아니라 나이스네 와 환불 해주나요,1
3675,거의 한달만에 왔네요 상품은 잘 받았어요송장 먼저 등록하시는 바람에 상품 출발도 안했는데 배송완료떠서 식겁했네요,3
3678,배송 한달걸렷네요 기다린시간이 아까워서 기다렷는데 진짜 심해도 너무 심하네요신발은 이쁩니다,3
3686,사이지가 무지 큽니다 255주문 했는데 265는 되것네요 그리 편하지는 않믐니다 신발이 딱딱 하네요 교환 반품 귀찮아 끈 졸라매고 그냥 신음니다,2
3688,성격상 귀찮아서신기는 하는데 뭔가 좀 허술함,3
3689,이게 어떻게 정품입니까나이키 로고 자수가 쭈글쭈글한것도 모자라서양쪽 자수가 완전히 다릅니다ㅡㅡ그리고 신발 오염도 심하고 밑창 색깔은 왜 한쪽은 하얗고한쪽은 노랗습니까나이키가 제품을 이렇게 만드나요근처 나이키 매장가서 확인 한번 해볼까요짝퉁 팔꺼면 퀄리티 있는걸로 팔아서 속이기라도 하던가이걸 지금 100 정품이라고 말하면서 판매하시는겁니까사이즈도 260 주문했는데 270짜리 워커보다도 크고 뭐 하나 제대로된거 없는 제품을 100 정품이라고 판매를 하니 어이가 없네요,1
3690,10일이지났어요  배송중이라는데  맞는건지 얼마나기다려요,2
3691,마감이 깔끔하지 못하고  좀 작아요,3
3694,만족합니다만 한 사이즈 큰걸 신으세요ㅜㅜ,2
3700,배송 너무 느립니다사이즈 작습니다 한두치수는크게 하세요,1
3701,제품잘받앗습니다  포장에좀 신경써주세요 ,3
3702,배송이 느리고 사진보다 약간 달라서 실망임,3
3704,사이즈  250을 주문했는데 이미 포장을 뜯고 신고 보니 255네요  이미 땅을 밟아서 그냥 신기로했는데 사이즈 잘 확인해서 보내주시길 바랍니다,2
3706,정품이 아니죠  마감이 너무나 안좋네요   냄새도 심하고   앞부분 나이키 가죽도 이상합니다,1
3717,이거짝퉁같은데 짝퉁맞죠,1
3721,신발안쪽 깔창부분에서 페인트인지 본드 냄새인지 너무나네요11번가에 문의해봐야겠네요,1
3724,판매자님빠른환불요청위해 리뷰 남겨요가품인건확실하고상품 상태 사진으로 확인하세요환불요청합니다,1
3728,배송 진짜느리네요ㅡㅡ 주문한지 4일 지났는데 아직도 배송준비중이 말이됩니까,1
3733,상품이 포장부터  최악 제품또한  짝뚱 이거 정말너무해요 신발에 택도없어요,1
3739,색상이아주 하얗지는않고 밑에깔짱에도 먼가묻었네요바꾸려고했지만 아들급히 신어야해서 그냥 신어요,3
3745,왜 배송이 중국에서 오는지 11번가는 이상한데요 이유는 모르겠지만  정품인지 모르겠어여 배송이 중국에서 오는지 반품하기 귀찮아서 그냥 써야지,1
3746,왜 배송이 중국에서 오는지 11번가는 이상한데요 이유는 모르겠지만 정품인지 모르겠어여 배송이 중국에서 오는지 반품하기 귀찮아서 그냥 써야지,1
3752,인터넷에 찾아보니 정품 아니네요  믿고산건데 신발 뒤쪽 아래가 정품이랑 달라요 정품은 저곳이 벌어지지않아요 ㅠㅠ,1
3759,마감이 너무 깔끔하지 않네요 착용감도 괜찮고 쿠션감도 나쁘지 않은데 마감이 실밥자국이 여러군데 보이고 발안쪽은 너무 심하게 씹힌 자국마냥 위에서 아래로  일자로 주욱 나있는데너무 심한데요 인터넷 배송 반품이 귀찮아서 그냥 쓰기로 하는데 매장에서 샀다면 반품했을 각입니다,3
3764,이게 신발이니니들은 이신발보고 정품이라 생각하겠니장사를 할려면 똑바로 해라 진짜 어이가 없다,1
3765,개느림 참을성많은사람 주문하세요,1
3777,왜 중국에서 오고 난리세요  절대사지 마세요 사기에요,1
3848,"신발은 매우만족이고 배송  빠른데
Folder매장에서는 
89000원에 5000원할인까지 ㅜㅜ
가격보고 참",2
3873,"박스도 상품 가치 있는건데 박스 찌그러진 거 와서 좀 그렇구요
3개 샀는데 그 하나 반품 한 것 보다 상태 좋은 운동화왔네요",3
3877,사고나니할인하네요ㅠㅠ,2
3973,볼은좁아보여갠찮은디 아래굽이 마치장화굽처럽 촌스러운느낌이네요당장필요해서그냥신을게요,2
4069,그냥신어요 다음엔 안살거같아요,3
4293,"한달도  신지  않아는뎅
벌써  찟어졌어요",3
4457,에어가 터져서 버렸어요,3
4466,정말 이쁘고 최고입니다,1
4492,남편이 발이 불편해 잘신지 않아요,2
4507,"제품을 받았는데 오른쪽 앞부분이 틀리네요
사용엔 지장이 없을꺼 같지만 검수에 신경좀 써주세요
실망입니다",2
4591,그냥 그렇네요 그냥 신을려고 합니다,3
4599,발볼이 너무 좁아요발볼이 넓으신분들은 신고 벗을때도 힘들것같아요,3
4631,"신발 안쪽에 이음새 부분이 있는데상표텍 있는 부분그부분이 좀 불편합니다
생각보다 많이 돌출된느낌이라처음에 몰랐는데상표텍으로 발을 보호하듯 신어야그나마상표텍이 접힌 상태로 신으면신발에 이물질이 있는 느낌이 듭니다
두번째 신을때 접힌 상태라그냥 신어요",2
4704,일이너무바쁘고 개인적인사정도겹쳐서 상품을 열어보지도못하고 기간이지나 자동구매확정으로 넘어갔지만 별로신경쓰지않고 엊그제개봉햇습니다 한쪽신발끈이 잘려있더군요 실망입니다,2
4714,발볼이 딱맞아서 조금 아쉽네요 ㅜㅡㅠ,3
4732,잘신고 다닐듯하네요,1
4788,"리뷰 보고 고민많이하고  샀는데
매장에서 착화하신거 보내주신듯하네요  
바닥부터봤는데 좀 그르네요
검수 꼼꼼히 해서 보내달라고 요청까지 드렸는데",3
4848,"역시나 실밥이 절단되잇고 오염이 잇네오
불량은 아니라니 그냥 신겟지만 기분은 썩",2
4859,누가 신던 신발을 깨끗이 닦아서 받은 느낌 깔창도 그렇고 신발 바닥에 착용 흔적이 많아요 알콜로 왕창 소독해서 신으려구요,1
4863,"선물용으로 구매한건데 겉에 포장이 새 제품처럼 보이게 해서 좋았는데 선물한 분한테 들어보니 약간 크다고 해서 사진찍어 보내달라 하니 텍 안의 사이즈도 다르고 상자 사이즈도 다름
이미 신어 버려서 그냥 구매 확정하고 리뷰를 남기는거지만
선물한 분한테도 당황 스럽고 저도 어이없네요
하자면 하자지 225사이즈를 구매했는데 상품은 230이라니
물건을 사서 뜯어서 줄순 없으니 선물용 구매는 이제 그만할듯 합니다",1
4912,가격대비 별로예요 실물보고 살걸 후회해요,3
4916,마감처리가 좀 어색하네요,3
4988,평소235신는데  이신발은 240이 딱맞아요 발볼이 넓으신분은 한사이즈 업추천드려요 그런데 에어맥스97은 마감상태별로일수록 정품이란말이사실인가봐요  그리고  신발에 녹물같은거 묻어있는데 귀찮아서 그냥 신을려구요,3
5006,신발에 묻어있는게 많더라구요 본드 마감상태도 좋지않고,3
5034,97몇가지 있는데 이신발은 유독 작네요,1
5084,반품된 것을 저한테 다시 보낸걸까요얼룩에 실밥에 본드에 마감도 별로네요귀찮아서 반품은 안하지만 현대백화점 믿고 구매했는데 실망스럽네요,1
5105,생각보다 편하지않아요,3
5124,정품인지모르겠네요 발가락쪽에봉제가잘못되거리적거리는게있어교환했는데 2번째온신발은패인트인지뭐가묻어서잘지워지지도않아 아세톤으로지웠어요반품교환귀찮아서그냥신어요,3
5126,정말너무성의없이만드는것같네요,3
5157,"신발에 본드마무리 안되서 지저분하고
배송은 엉망입니다박스가 찌그러져서 왔어요",3
5172,물건못받아서 반품했고 상담사분께서 반품비 6000원 제외하고 환불해주신다고 했는데 왜 8000원 제왼한 금액만 환불된건가요,1
5189,"우선 신발 마무리가 이정도 가격의 나이키 정품이 맞나 의심스러울 정도로 허술함첨부한 사진 참조
한번 반품하고 재구매한거라 지쳐서 포기하고 그냥 구매하지만 온라인쇼핑에 대한 불신추가 코로나야 빨리 좀
장점은 에어쿠션이 좋고 키높이 효과는 있지만 무겁진 않음 단점은 아웃솔 돌기 때문인지 비올때 미끌림 심해서 위험함
한치수 큰걸 사라는 의견도 있는데 나는 칼발이라 정사이즈 샀는데  정말 볼이 좁군 하다가 처음 신을때만 그렇고  오히려 뒤축이 각이 없어서인지 훌렁거림한치수  큰걸 샀다간 낭패볼뻔참고하세요",2
5202,정품은 맞겠죠 처음 배송 받은건 앞코가 완전 짝짝이에 밑창 느낌도 이상해서 교환했어요 100프로 만족은 아니지만 다음엔 매장가서 사야겠어요 나이키는 품질이 자꾸 떨어지네요,3
5329,"나이키 운동화 보통 240 신는 칼발인데 발볼 작게 나왔다고해서 반사이즈 업해서 245 로 주문 했어요
저한테는 크네요 ㅜㅜ
저는 정사이즈가 맞아요
반품하려다 그냥 신기로 했어요",3
5401,"박스가 찌그러지고 찢어져서 온것도 별로였는데
제품 마감보니 이거 정품 맞나 싶어서 찾아보니
나이키 자체가 마감이 조잡하자고 하네요
실망했지만 그냥 신어요
신발이 편하고 좋은신발은 아니구 그냥 원했던 제품이라 그냥 신어요
반업했어요",3
5409,"사이즈가 생각보다 작게 나와서 한사이즈 업했어요
근데 잘 안신게 되요 ㅜㅜ왜냐면 그 발등 신발끈 묶는 왼쪽발 오른쪽부분이 자꾸 살에 쓸려서 신은 첫날 피봤어요 ㅠ이건 싸구려 신발만 이러던데 정품이 아닌가 의심도 가여 ㅜㅠ",3
5440,바닥에 약간의 물기만 있으도미끄러워서 걷기 불편할 정도예요 비오는 날이나 눈오는 날은 못신을듯  무슨 운동화가 이런지 바닥창 불량 아닌가요 ㅜㅜ,3
5452,"정품이 맞나 의구심이 들정도로
마무리가 엉망이네요",1
5475,병행수입인가요  정품맞겠죠,3
5484,칭찬글이많아서구매했는데 생각보다무거워서걷는데다리가많이힘들어요새신발이라서그런건지익숙해질때까지는기다려봐야겠어요,3
5509,"백화점에서 오는 제품이라 괜찮을 줄 알았는데 오른쪽 에어있는 밑창부분이 지저분한 걸로 왔네요 지워지지도 않고
하얀 운동화라 작은 흠같은게 있어도 티가 많이 나지만 이건 좀
그래도 신다보면 어차피 더러워질 부분이니 감안하고 그냥 교환 안하고 신기로 했어요
세일가 적용한 상품이라도 검수 잘 확인해서 보내주시면 좋겠네요",3
5544,"백화점서 본상품과 번호는 같은데 색상이 좀다르네요
그래두 이뻐서 괜차나요",3
5545,그럭저럭 신고 다닐려고요,3
5589,휴싼 가격이긴 하지만 기대하고 있었는데 얼룩덜룩한 이염이며 깔창 상태 등 가품같은 마감처리에 화가 나네요이 정도면 가품이라고 해도 믿겠어요 ㅜㅜ 원래 나이키 자체가 마감이 별로라고는 하지만 매장 상품이라 사람들이 많이 신었던 제품인가봐요 반품하려다가 그냥 신어요제품 자체는 가볍고 디자인도 예쁘고 좋아요 하지만 정가격에 매장 가서 직접 보시고 사시는 걸 추천 드립니다,2
5606,뒤꿈치 고무부분에 파란색이 점이 찍혀있네요,2
5692,신발주위에 이물질들조금있음 설물용인디 ㅠㅠ,3
5694,"gs샵의 빠른대처로 3점입니다
 아니였음 별 1개도 아깝네요
 저 역시 디피상품인지 누가신던걸 준건지 상태가 매우 불량한 제품을 받았었네요
 두번째로 받아 본 상품도 아주 약간의 오염은 있었지만 전에 받아 본 것보단 양호했습니다
 알아보니 이 상품 자체가 말이 많더군요
 공홈에서 파는것 조차 후기를 보니 개판이더라구요
 제조 과정 개선이 필요 해 보이는 신발입니다
 동생이 신고 싶다하여 선물로 줬지만 다신 구매 안 할 신발입니다
 참고로 사진과는 다르게 민트빛이 약간 돌고 미드솔이 누런 색상입니다 트리플화이트라고 부르기 조금 애매한 색상입니다",3
5696,좌우 안쪽 로고박힌 부분의 면적차이가 너무 큽니다 공홈구입아니면 가품인줄 알겠어요 세일가격이라지만 이건 반품해야할 심각한 하자인듯해서 아쉽습니다,3
5697,아쉽습니다,3
5718,"백화점 상품이라 믿고 구입했는데 실망입니다
가격이 저렴한 것도 아니고 나이키라는 브랜드 있는 상품의 끝마무리가 너무 엉성해서 실망입이다
배송은 빨라 주문하고 몇일 안돼 받았는데 흰색 신발에 여기저기 이물질이 묻어 교환하고 다시 받았습니다
이전 것 보단 낫지만 교환 받은 제품도 신발끈에 접착제가 묻어 끈적거리고 뒷부분 고리도 약간 사선으로 부착 신발 옆엔 얼룩 또 교환할 수 없어 그냥 구매확정 합니다
백화점에서 검수도 안받고 물류센터에서 바로 배송되는 상품에 어떻게 롯데백화점 본점 상품이라는 상품설명이 있는지 납득이 안갑니다",1
5719,"본드자국이 있는데이게 정품인가요
바꾸기도 귀찮은데 일부러 백화점 상품으로 산건데 상당히 기분이 안좋네요",1
5756,"신발안쪽에 모가 페인트같은게 묻어있어요
아이가 모르고 택을 잘라버려서 어쩔수없이
신어요 확인도 안하고보내나봐요",1
5783,"사이즈 업하라고해서 250샀더니 신발은 길어서 벗겨지고 신발폭은 좁아서 아프네요 쿠션감도 없고 이거 어찌 이리 비싼제품이 착용감이 이럴까요
 일반 국내 신발보다 못해요 
나이키 런닝화는 편해서 그런 착용감을 기대했는데 신다보면 폭 늘어날까요  921733100 여성용 맞는데 말이죠 신고 이거 내가 주니어용 샀나 할 정도였어요 ㅠㅠ 그냥 예쁘기만하네요 ㅠㅠㅠㅠ  반품할까 고민하고 신기로 결정했는데 오마이 다른 롯데 잠실점에서는 12만원에 판매하는 상황 속쓰립니다요",2
5819,편하고 다좋으나 운동화  마감처리가 좋지 않아요 실밥이며 박음질부분이 많이 아쉽네요저렴한 가격신발도 아닌데 그냥싣습니다,3
5900,"제품 맘에들고 배송도 빨라요
조금 흠집 이있긴한데 대충신으려고요 
검수 제대로 한것같진않아오",3
5904,제품 수령했는데 반품된 상품인지 밑창이 까맣고 자국도 남아있네요 그냥 신습니다만,3
5938,"오염상품 교환하는데 일주일 넘게 걸려서 받았는데
본드자국있는걸 보내주셨네요
또 교환하면 일주일 걸릴것 같아서 그냥 구매확정합니다
오염으로 교환이면 재발송하실때 다시한번 검수하고 보내주셨으면 합니다",2
5950,"사이즈업하라고들 하셔서 40샀는데 저한테는 크네요
일반 정사이즈 가시는게 나으실듯 합니다
같은 옵션인데 사이즈변경이 백화점 정품이고 백화점 몰인데 안된다니 당황스럽네요 싸게 사서 그냥 신겠지만 어이가 없네요 살면서 사이즈 변경안된다는 사이트는 처음이라 해외직구했는줄 알았네요 해외직구도 배송료부담하면 해주는데 배보다 배꼽이 커서 안하는건데 기분좋게 쇼핑했다 찝찝하게 후기작성하네요",1
5951,"사이즈업하라고들 하셔서 40샀는데 저한테는 크네요
일반 정사이즈 가시는게 나으실듯 합니다
같은 옵션인데 사이즈변경이 백화점 정품이고 백화점 몰인데 안된다니 당황스럽네요 싸게 사서 그냥 신겠지만 어이가 없네요 살면서 사이즈 변경안된다는 사이트는 처음이라 해외직구했는줄 알았네요 해외직구도 배송료부담하면 해주는데 배보다 배꼽이 커서 안하는건데 기분좋게 쇼핑했다 찝찝하게 후기작성하네요",1
5954,"딱이야요
형광흰색입니다",3
5970,"백화점에서 늘 사고 싶었지만 사이즈가 없어 사지못했던 에어97여기서 구입 했네요
근데 가격 대비 마감 처리가 넘 허술해서 망설였어요
약간의 흠짐도 있고반품 하려고 생각했다가 오늘 결정 했어요걍 신기로
20프로 세일에서 산거라  그거로 만족 합니다
색상디자인는 이뻐요",3
6003,딸선물로 해외배송에서샀는데 배송이 무슨 2주넘게 걸려 왕짜증났어요,3
6070,마감이 깔끔하지 않아요ㅠ,2
6076,긴말안할게요 후기랑 상품문의보니까 상태 안좋은것들 배송해주시는것 같길래 걱정되서 저도 상품문의 게시판에까지 따로 남겼는데 그런거 다 소용없나봅니다 상당히 기분상하네요,1
6115,생각보다 무겁고 좁아요,3
6136,상품 마감 확인 후 보내달라고 요청드렸는데상품 받고 사실 좀 실망했습니다사진 외에도 다른 마감도 찍기엔 본드자국이나많기도 하고 택이 떼어져서 온 것을 보고 누군가에게 반품된 물건이 저에게 온 것 같다는느낌이 들어 좀 불편했네요그냥 저렴한 가격에 샀다 생각하려구요담부터는 이런 부분 신경써주셨으면 좋겠어요,2
6137,배송이 빨라요 좋습니다 감사합니다,2
6138,배송빠르고 좋아요,2
6139,실물깡패에요구매를 고민한 시간이 아까웠을 정도로요ㅋㅋㅋㅋ  사이즈 참고하시라고 적으면 저는 발볼없고 실측 236mm에 평소 신발은 정사이즈 기준 240신어요  실착을 해보지 않아서 사이즈 선정에 애먹었는데 안들어가는것보단 낫겠지싶어서 245로 구매했어요그런데 240시켰으면 큰일났을뻔 했네요발볼 쪽이 좁아서 245도 신기 힘들어요  신발 넘 작게 신으면 발 모양 변형오니 가능한 반사이즈 업 하시는게 좋을 것 같네요,2
6140,"상품 마감 확인 후 보내달라고 요청드렸는데
상품 받고 사실 좀 실망했습니다
사진 외에도 다른 마감도 찍기엔 본드자국이나
많기도 하고 택이 떼어져서 온 것을 보고 
누군가에게 반품된 물건이 저에게 온 것 같다는
느낌이 들어 좀 불편했네요
그냥 저렴한 가격에 샀다 생각하려구요
담부터는 이런 부분 신경써주셨으면 좋겠어요",2
6217,이거 진품 맞나요 박스 파손 새산발에 빨간색 물질 칠해짐 깔창 로고 헤짐 당장전화주세요,1
6224,롯데 본점 배송이네요 발볼이 넓은 편이 아니라면 정사이즈 사세요 225인데 평보고 230 구매했더니 약간 커요 배송 느리고 추가 신발끈은 온라인은 원래 안주나요 매장 나가기 불안해서 온라인 구매했더니 몇가지 맘에 안드네요,3
6227,롯데 본점 배송이네요 발볼이 넓은 편이 아니라면 정사이즈 사세요 225인데 평보고 230 구매했더니 약간 커요 배송 느리고 추가 신발끈은 온라인은 원래 안주나요 매장 나가기 불안해서 온라인 구매했더니 몇가지 맘에 안드네요,3
6229,롯데 본점 배송이네요 발볼이 넓은 편이 아니라면 정사이즈 사세요 225인데 평보고 230 구매했더니 약간 커요 배송 느리고 추가 신발끈은 온라인은 원래 안주나요 매장 나가기 불안해서 온라인 구매했더니 몇가지 맘에 안드네요,3
6235,대학때 즐겨신던기억에 다시사려고 다른사이트서 보다가 여기가 카드할인되서 샀는데 배송은 빠르게 받았구요 물건이 좀 고민하게만들었네요누가 반품한건지 군데군데 때가많이 타있고  신발마감도 지저분하고 젤고민했던부분은 오른쪽옆  고무부분이 벗겨져일어나 교환할까하고 엄청고민하다가 교환귀찮아 걍신어요,3
6292,배송이 최악이네요 포장박스 찌그러지고 터졌는데 저 상태로 가져다 주셨네 안에 내용물이 이상이 없으니 다행인데 배송 신경을 좀 많이 쓰셔야겠어요 제품 이상없고 사이즈 좋아요 나이키 공홈 매장에서 사도 마감처리 미흡한건 비슷해요 나이키가 배가 불러 전과 같이 품질관리를 하지 않는게 문제,2
6349,사고 싶었던 거라 받아서 좋았는데 운동화 한쪽 면에 페인트 하얗게 선처럼 묻어 있는데 같은 흰색이라 그냥 신어도 띠 안 날꺼 같아서 그냥 신으려는데 운동화 끈이 불량이 왔네요ㅠㅠ 워낙 주문양이 많은 건지 검수가 제대로 이뤄지지 않는 거 같아요 교환 신청하면 가질러 와야 하고 송장 받아야 하고 여러 가지 번거로워 그냥 신기로 했습니다 끈만 받을 수 있는지 문의 전화 콜센터로 했지만 코로나로 연결이 어렵고 문의들 남겨 하루 만에 답변은 끈만 어렵다고 반품이나 교환만 전체적으로 가능하다고 이 모든 절차들이 번거롭고 귀찮네요 제대로 한번에 좋은 상품을 받았으면 하는 아쉬움은 있지만 그냥 신겠습니다,1
6352,사고 싶었던 거라 받아서 좋았는데 운동화 한쪽 면에 페인트 하얗게 선처럼 묻어 있는데 같은 흰색이라 그냥 신어도 띠 안 날꺼 같아서 그냥 신으려는데 운동화 끈이 불량이 왔네요ㅠㅠ 워낙 주문양이 많은 건지 검수가 제대로 이뤄지지 않는 거 같아요 교환 신청하면 가질러 와야 하고 송장 받아야 하고 여러 가지 번거로워 그냥 신기로 했습니다 끈만 받을 수 있는지 문의 전화 콜센터로 했지만 코로나로 연결이 어렵고 문의들 남겨 하루 만에 답변은 끈만 어렵다고 반품이나 교환만 전체적으로 가능하다고 이 모든 절차들이 번거롭고 귀찮네요 제대로 한번에 좋은 상품을 받았으면 하는 아쉬움은 있지만 그냥 신겠습니다,1
6383,한사이즈크게시켰는데도 발볼이좁게나온제품은 맞는거같아요잘신을께요오륵쪽새끼발만조금불변하네요,3
6384,한사이즈크게시켰는데도 발볼이좁게나온제품은 맞는거같아요잘신을께요오륵쪽새끼발만조금불변하네요,3
6412,교환신청합니다 상자뜯자마자 덮어버렸습니다새거인가요 제품검수한게 맞는지요,1
6418,"교환신청합니다 상자뜯자마자 덮어버렸습니다
새거인가요 제품검수한게 맞는지요",1
6419,"교환신청합니다 상자뜯자마자 덮어버렸습니다
새거인가요 제품검수한게 맞는지요",1
6424,"약간의 흠결이 있지만 선물받은 사람이 교환이귀찮아 그냥 신는다네요
출고전 검수요청했었는데 말이죠",3
6534,97은 처음이라 그런건지운동화는 매장에서 직접 사는게 정답인건지몇 번을 교환하고 직전에 반품까지한 탓에 그냥 신기로 결정했지만 왼쪽 오른쪽 많이 차이나네요특히나 뒷 부분은 완전 다르네요이정도는 불량은 아닌건가요,3
6535,97은 처음이라 그런건지운동화는 매장에서 직접 사는게 정답인건지몇 번을 교환하고 직전에 반품까지한 탓에 그냥 신기로 결정했지만 왼쪽 오른쪽 많이 차이나네요특히나 뒷 부분은 완전 다르네요이정도는 불량은 아닌건가요,3
6564,폭신하지는 않아요,3
6566,"신어보고사야될거같아요
이쁜데 편하지는않네요",3
6582,"상품평을 잘 안쓰는 1인인데 이번건 쓰게 되네요
알단 신발을 받고 마감처리며 에어부분에  페인트 자국에 군데군데 고무잔재가 남아서  정품유무교환을 문의했더니 해당상품이 품정상테 하더라구요
제가 받은 상품이 품절되기 마지막 상품이라 상태가 저런가 싶기도 하고 반품해야 하나 그냥 참고 신어야 하나 고민 고민하다 더는 구할수 없는 사이즈라니 찝찝해도 그냥 신어야 헐것 같네요 ㅠㅠ",2
6593,자잘하게 얼룩들도 많고 마감도 허술했어요 어차피 신다보면 더러워질테니 그냥 신기는 하지만 상품 검수 신경 좀 쓰셔야할듯,3
6595,자잘하게 얼룩들도 많고 마감도 허술했어요 어차피 신다보면 더러워질테니 그냥 신기는 하지만 상품 검수 신경 좀 쓰셔야할듯,3
6655,저렴하게 잘 샀어요 신발은 예쁜데 외부 택배박스뿐만 아니라 신발박스까지 다 찌그러져 있고 기분은 별로네요조금 더 배송시 상품관리에 신경 써 주셨으면 합니다,3
6664,"저렴하게 잘 샀어요
신발은 예쁜데 외부 택배박스뿐만 아니라 신발박스까지 다 찌그러져 있고 기분은 별로네요
조금 더 배송시 상품관리에 신경 써 주셨으면 합니다",3
6679,"오랜만에 만난 97
올 화이트라 깔끔하고 예쁨
사이즈는 반사이즈업 
품질은 가격에 비해 영

그리고 새 상품 맞는지 바닥에 똥 같은거 묻어있어 별로였어요",3
6681,오랜만에 만난 97올 화이트라 깔끔하고 예쁨사이즈는 반사이즈업 품질은 가격에 비해 영그리고 새 상품 맞는지 바닥에 똥 같은거 묻어있어 별로였어요,3
